United Arab Emirates,Abu Dhabi
Nigeria,Abuja
Ghana,Accra
Pitcairn Islands,Adamstown
Ethiopia,Addis Ababa
Algeria,Algiers
Niue,Alofi
Jordan,Amman
Netherlands,Amsterdam
Andorra,Andorra la Vella
Turkey,Ankara
Madagascar,Antananarivo
Samoa,Apia
Turkmenistan,Ashgabat
Eritrea,Asmara
Kazakhstan,Astana
Paraguay,Asuncin
Greece,Athens
Cook Islands,Avarua
Iraq,Baghdad
Azerbaijan,Baku
Mali,Bamako
Brunei,Bandar Seri Begawan
Thailand,Bangkok
Central African Republic,Bangui
Gambia,Banjul
Saint Kitts and Nevis,Basseterre
China,Beijing
Lebanon,Beirut
Serbia,Belgrade
Belize,Belmopan
Germany,Berlin
Switzerland,Bern
Kyrgyzstan,Bishkek
Guinea-Bissau,Bissau
Colombia,Bogot￡
Brazil,Braslia
Slovakia,Bratislava
Republic of the Congo,Brazzaville
Barbados,Bridgetown
Belgium,Brussels
Romania,Bucharest
Hungary,Budapest
Argentina,Buenos Aires
Burundi,Bujumbura
Egypt,Cairo
Australia,Canberra
Venezuela,Caracas
Saint Lucia,Castries
French Guiana,Cayenne
United States Virgin Islands,Charlotte Amalie
Moldova,Chisinau
Turks and Caicos Islands,Cockburn Town
Guinea,Conakry
Denmark,Copenhagen
Senegal,Dakar
Syria,Damascus
Bangladesh,Dhaka
East Timor (Timor-Leste),Dili
Djibouti,Djibouti
Tanzania,Dodoma
Qatar,Doha
Isle of Man,Douglas
Ireland,Dublin
Tajikistan,Dushanbe
Tristan da Cunha,Edinburgh of the Seven Seas
Sahrawi Arab Democratic Republic,El Aain
Akrotiri and Dhekelia,Episkopi Cantonment
Christmas Island,Flying Fish Cove
Sierra Leone,Freetown
Tuvalu,Funafuti
Botswana,Gaborone
Cayman Islands,George Town
Ascension Island,Georgetown
Guyana,Georgetown
Gibraltar,Gibraltar
South Georgia and the South Sandwich Islands,Grytviken
Guatemala,Guatemala City
Saint Barthlemy,Gustavia
Guam,Hagta
Bermuda,Hamilton
Easter Island,Hanga Roa
Vietnam,Hanoi
Zimbabwe,Harare
Somaliland,Hargeisa
Cuba,Havana
Finland,Helsinki
Solomon Islands,Honiara
Pakistan,Islamabad
Indonesia,Jakarta
Saint Helena,Jamestown
Israel,Jerusalem
State of Palestine,Jerusalem
South Sudan,Juba
Afghanistan,Kabul
Uganda,Kampala
Nepal,Kathmandu
Sudan,Khartoum
Ukraine,Kiev
Rwanda,Kigali
Jamaica,Kingston
Norfolk Island,Kingston
Saint Vincent and the Grenadines,Kingstown
Democratic Republic of the Congo,Kinshasa
Malaysia,Kuala Lumpur
Kuwait,Kuwait City
Gabon,Libreville
Malawi,Lilongwe
Peru,Lima
Portugal,Lisbon
Slovenia,Ljubljana
Togo,Lom
United Kingdom,London
Angola,Luanda
Zambia,Lusaka
Luxembourg,Luxembourg
Spain,Madrid
Marshall Islands,Majuro
Equatorial Guinea,Malabo
Maldives,Mal
Nicaragua,Managua
Bahrain,Manama
Philippines,Manila
Mozambique,Maputo
Saint Martin,Marigot
Lesotho,Maseru
Wallis and Futuna,Mata-Utu
Swaziland,Mbabane
Palau,Melekeok
Mexico,Mexico City
Belarus,Minsk
Somalia,Mogadishu
Monaco,Monaco
Liberia,Monrovia
Uruguay,Montevideo
Comoros,Moroni
Russia,Moscow
Oman,Muscat
Kenya,Nairobi
Bahamas,Nassau
Burma,Naypyidaw
Chad,N'Djamena
India,New Delhi
Niger,Niamey
Cyprus,Nicosia
Northern Cyprus,Nicosia
Mauritania,Nouakchott
New Caledonia,Nouma
Tonga,Nuku?alofa
Greenland,Nuuk
Aruba,Oranjestad
Norway,Oslo
Canada,Ottawa
Burkina Faso,Ouagadougou
American Samoa,Pago Pago
Federated States of Micronesia,Palikir
Panama,Panama City
French Polynesia,Papeete
Suriname,Paramaribo
France,Paris
Sint Maarten,Philipsburg
Cambodia,Phnom Penh
Montserrat,Plymouth
Montenegro,Podgorica
Mauritius,Port Louis
Papua New Guinea,Port Moresby
Vanuatu,Port Vila
Haiti,Port-au-Prince
Trinidad and Tobago,Port of Spain
Benin,Porto-Novo
Czech Republic,Prague
Cape Verde,Praia
South Africa,Pretoria (executive)
Kosovo,Pristina
North Korea,Pyongyang
Ecuador,Quito
Morocco,Rabat
Iceland,Reykjavk
Latvia,Riga
Saudi Arabia,Riyadh
British Virgin Islands,Road Town
Italy,Rome
Dominica,Roseau
Northern Mariana Islands,Saipan
Costa Rica,San Jos
Puerto Rico,San Juan
San Marino,San Marino
El Salvador,San Salvador
Yemen,Sana'a
Chile,Santiago
Dominican Republic,Santo Domingo
So Tom and Prncipe,So Tom
Bosnia and Herzegovina,Sarajevo
South Korea,Seoul
Singapore,Singapore
Macedonia,Skopje
Bulgaria,Sofia
Sri Lanka,Sri Jayawardenepura Kotte
Grenada,St. George's
Jersey,St. Helier
Antigua and Barbuda,St. John's
Guernsey,St. Peter Port
Saint Pierre and Miquelon,St. Pierre
Falkland Islands,Stanley
Nagorno-Karabakh Republic,Stepanakert
Sweden,Stockholm
Bolivia,Sucre
Abkhazia,Sukhumi
Fiji,Suva
Taiwan,Taipei
Estonia,Tallinn
Kiribati,Tarawa
Uzbekistan,Tashkent
Georgia,Tbilisi
Honduras,Tegucigalpa
Iran,Tehran
Bhutan,Thimphu
Albania,Tirana
Transnistria,Tiraspol
Japan,Tokyo
Faroe Islands,Trshavn
Libya,Tripoli
South Ossetia,Tskhinvali
Tunisia,Tunis
Mongolia,Ulan Bator
Liechtenstein,Vaduz
Malta,Valletta
Anguilla,The Valley
Vatican City,Vatican City
Seychelles,Victoria
Austria,Vienna
Laos,Vientiane
Lithuania,Vilnius
Poland,Warsaw
United States,Washington D.C.
New Zealand,Wellington
Cocos (Keeling) Islands,West Island
Curaao,Willemstad
Namibia,Windhoek
Ivory Coast,Yamoussoukro
Cameroon,Yaound
Nauru,Yaren
Armenia,Yerevan
Croatia,Zagreb